101,nan,nan,nan,nan,9614.125,13.33422327041626
102,nan,nan,nan,nan,10494.088,14.905922412872314
103,-21.0,-20.75,-20.0,1110.75,10217.063,13.366818904876709
104,-21.0,-20.5,-20.0,1170.125,9968.781,13.07467246055603
105,-21.0,-20.583333333333332,-20.0,1164.0,10378.053,15.65909218788147
106,-21.0,-20.4375,-20.0,1153.625,10430.903,14.271212339401245
107,-21.0,-20.4,-20.0,1161.55,10418.169,14.056128978729248
108,-21.0,-20.47826086956522,-20.0,1150.8695652173913,10284.935,13.127874851226807
109,-21.0,-20.44,-20.0,1148.8,10276.162,13.747327327728271
110,-21.0,-20.392857142857142,-20.0,1146.9642857142858,10439.922,15.462424516677856
111,-21.0,-20.34375,-20.0,1146.9375,10553.092,14.338992595672607
112,-21.0,-20.305555555555557,-20.0,1144.2777777777778,10436.43,13.75337266921997
113,-21.0,-20.325,-20.0,1142.65,10530.839,14.156122207641602
114,-21.0,-20.295454545454547,-20.0,1142.3863636363637,10622.545,13.794536590576172
115,-21.0,-20.270833333333332,-20.0,1140.7083333333333,10405.559,13.411885738372803
116,-21.0,-20.25,-20.0,1140.4423076923076,10363.318,13.83849835395813
117,-21.0,-20.254545454545454,-20.0,1139.9454545454546,10524.971,15.826766014099121
118,-21.0,-20.25862068965517,-20.0,1140.5862068965516,10716.405,15.016493558883667
119,-21.0,-20.24590163934426,-20.0,1139.688524590164,10666.927,13.263536214828491
120,-21.0,-20.246153846153845,-20.0,1139.4307692307693,10445.275,13.30116057395935
121,-21.0,-20.246376811594203,-20.0,1138.7246376811595,10474.59,14.699002742767334
122,-21.0,-20.23611111111111,-20.0,1140.9583333333333,10431.509,13.490079402923584
123,-21.0,-20.236842105263158,-20.0,1139.9605263157894,10394.87,13.787702322006226
124,-21.0,-20.2375,-20.0,1141.9875,10358.307,13.322246789932251
125,-21.0,-20.238095238095237,-20.0,1141.3690476190477,10314.162,13.201148509979248
126,-21.0,-20.24137931034483,-20.0,1140.344827586207,10437.581,15.158541202545166
127,-21.0,-20.235955056179776,-20.0,1139.8539325842696,10190.977,13.11772894859314
128,-21.0,-20.225806451612904,-20.0,1139.2043010752689,10157.21,14.502500057220459
129,-21.0,-20.216494845360824,-20.0,1139.1958762886597,10256.338,14.452296257019043
130,-21.0,-20.21,-20.0,1140.87,10275.174,13.498414754867554
131,-21.0,-20.19,-20.0,1138.59,10259.565,14.48306679725647
132,-21.0,-20.17,-19.0,1138.25,10334.431,14.394416570663452
133,-21.0,-20.15,-19.0,1139.12,10266.275,13.382622480392456
134,-21.0,-20.15,-19.0,1139.2,10295.262,13.713029623031616
135,-21.0,-20.15,-19.0,1136.3,10534.993,15.373960018157959
136,-21.0,-20.14,-19.0,1138.77,10335.944,13.089616537094116
137,-21.0,-20.13,-19.0,1139.19,10460.143,14.400262832641602
138,-21.0,-20.15,-19.0,1140.81,10521.758,15.346089839935303
139,-21.0,-20.15,-19.0,1143.61,10451.017,13.55635666847229
140,-21.0,-20.15,-19.0,1144.56,10425.777,13.203742742538452
141,-21.0,-20.16,-19.0,1144.79,10384.717,14.028759479522705
142,-21.0,-20.14,-19.0,1146.07,10335.663,13.906953573226929
143,-21.0,-20.15,-19.0,1154.73,10359.582,13.562910556793213
144,-21.0,-20.13,-18.0,1160.15,10314.745,13.248433113098145
145,-21.0,-20.14,-18.0,1160.27,10241.389,14.81030821800232
146,-21.0,-20.14,-18.0,1161.63,10472.684,15.401147365570068
147,-21.0,-20.13,-18.0,1162.73,10573.78,15.309124946594238
148,-21.0,-20.14,-18.0,1163.47,10369.026,13.100111484527588
149,-21.0,-20.14,-18.0,1164.81,10438.916,14.276268482208252
150,-21.0,-20.12,-18.0,1167.15,10493.006,13.745856761932373
151,-21.0,-20.12,-18.0,1167.61,10471.342,13.91481328010559
152,-21.0,-20.13,-18.0,1167.43,10545.796,14.392725229263306
153,-21.0,-20.13,-18.0,1165.96,10586.471,13.822360754013062
154,-21.0,-20.12,-18.0,1169.05,10661.53,14.070611953735352
155,-21.0,-20.11,-18.0,1173.91,10523.023,13.492126703262329
156,-21.0,-20.11,-18.0,1174.34,10329.955,13.553366422653198
157,-21.0,-20.11,-18.0,1174.88,10109.617,13.112936973571777
158,-21.0,-20.1,-18.0,1178.16,10181.626,13.85547924041748
159,-21.0,-20.09,-18.0,1181.09,10020.042,12.769970178604126
160,-21.0,-20.11,-18.0,1184.85,10102.152,14.614293813705444
161,-21.0,-20.12,-18.0,1186.93,10047.605,13.275948286056519
162,-21.0,-20.11,-18.0,1187.11,9943.958,13.288789510726929
163,-21.0,-20.11,-18.0,1186.74,9916.269,13.481472969055176
164,-21.0,-20.1,-18.0,1187.69,9796.548,12.762360572814941
165,-21.0,-20.07,-18.0,1193.29,9901.12,14.302384853363037
166,-21.0,-20.05,-18.0,1201.64,9963.329,14.217793703079224
167,-21.0,-20.05,-18.0,1203.67,10209.732,15.594711065292358
168,-21.0,-20.04,-18.0,1204.54,10198.279,13.692163228988647
169,-21.0,-20.04,-18.0,1206.81,10303.454,13.70740532875061
170,-21.0,-20.03,-18.0,1211.22,10236.073,14.175656795501709
171,-21.0,-20.01,-18.0,1217.55,10350.261,14.429270267486572
172,-21.0,-19.99,-18.0,1226.38,10346.828,13.383304119110107
173,-21.0,-19.96,-18.0,1233.33,10338.996,13.741394758224487
174,-21.0,-19.98,-18.0,1231.38,10393.586,13.285725355148315
175,-21.0,-19.98,-18.0,1239.0,10443.383,14.937535524368286
176,-21.0,-19.97,-18.0,1241.68,10308.392,12.87944483757019
177,-21.0,-19.96,-18.0,1240.83,10060.215,13.146212100982666
178,-21.0,-19.93,-18.0,1243.27,10098.93,14.19403624534607
179,-21.0,-19.92,-18.0,1243.55,10169.96,14.430742740631104
180,-21.0,-19.92,-18.0,1247.16,10205.801,14.313548803329468
181,-21.0,-19.93,-18.0,1250.58,10118.792,13.637105941772461
182,-21.0,-19.91,-18.0,1254.24,10200.439,14.311705112457275
183,-21.0,-19.89,-18.0,1257.68,10238.336,13.96140170097351
184,-21.0,-19.84,-17.0,1264.81,10177.361,12.765425682067871
185,-21.0,-19.83,-17.0,1266.39,10113.682,14.153702020645142
186,-21.0,-19.83,-17.0,1261.24,10358.695,15.344959497451782
187,-21.0,-19.83,-17.0,1259.4,10309.676,12.612580060958862
188,-21.0,-19.82,-17.0,1259.9,10327.65,14.404625415802002
189,-21.0,-19.82,-17.0,1258.31,10354.84,14.752643585205078
190,-21.0,-19.82,-17.0,1259.63,10376.534,14.503421783447266
191,-21.0,-19.77,-17.0,1262.53,10273.163,12.564828157424927
192,-21.0,-19.74,-17.0,1266.34,10354.024,14.892545223236084
193,-21.0,-19.73,-17.0,1266.66,10333.559,13.84433388710022
194,-21.0,-19.7,-17.0,1275.14,10424.647,13.701040983200073
195,-21.0,-19.67,-17.0,1280.41,10269.631,12.738106727600098
196,-21.0,-19.69,-17.0,1274.5,10155.169,14.131491661071777
197,-21.0,-19.71,-17.0,1265.25,10305.799,14.136239290237427
198,-21.0,-19.69,-17.0,1268.11,10313.41,14.317338228225708
199,-21.0,-19.66,-17.0,1269.71,10194.601,13.522022008895874
200,-21.0,-19.66,-17.0,1266.01,10104.814,13.745763778686523
201,nan,nan,nan,nan,9478.547,13.20383620262146
202,nan,nan,nan,nan,9601.451,13.256191968917847
203,-20.0,-19.5,-18.0,1267.0,9694.676,13.505725860595703
204,-20.0,-19.5,-18.0,1274.625,9848.814,13.901952981948853
205,-20.0,-19.6,-18.0,1256.0,9878.558,13.68318247795105
206,-20.0,-19.53846153846154,-18.0,1259.6153846153845,9898.172,13.573922395706177
207,-20.0,-19.5625,-18.0,1272.375,9846.34,13.062481164932251
208,-20.0,-19.65,-18.0,1263.6,9838.982,13.472287893295288
209,-20.0,-19.681818181818183,-18.0,1253.0454545454545,9888.808,13.846161365509033
210,-20.0,-19.68,-18.0,1250.36,9955.459,14.37628698348999
211,-20.0,-19.642857142857142,-18.0,1274.1785714285713,10034.942,13.849184036254883
212,-20.0,-19.612903225806452,-18.0,1271.1935483870968,10179.75,14.75954294204712
213,-20.0,-19.514285714285716,-17.0,1274.8285714285714,10204.216,13.781875610351562
214,-20.0,-19.342105263157894,-17.0,1300.6842105263158,10260.99,14.76826548576355
215,-20.0,-19.35,-17.0,1302.75,10174.718,12.772489309310913
216,-20.0,-19.232558139534884,-17.0,1316.8139534883721,10202.451,13.845318078994751
217,-20.0,-19.217391304347824,-17.0,1314.5217391304348,10202.405,13.115907669067383
218,-20.0,-19.1875,-17.0,1325.8125,10299.001,14.317664861679077
219,-20.0,-19.11764705882353,-17.0,1337.7450980392157,10303.193,14.05549669265747
220,-20.0,-19.11111111111111,-17.0,1341.0555555555557,10299.028,14.114075422286987
221,-20.0,-19.087719298245613,-17.0,1346.5263157894738,10324.673,14.12399959564209
222,-20.0,-19.050847457627118,-17.0,1350.084745762712,10190.163,13.432984352111816
223,-20.0,-19.015873015873016,-17.0,1351.3968253968253,10105.328,12.874219179153442
224,-20.0,-19.0,-17.0,1354.3181818181818,10131.076,14.790499925613403
225,-20.0,-18.955882352941178,-17.0,1359.5,10245.745,13.83690595626831
226,-20.0,-18.943661971830984,-17.0,1360.225352112676,10224.733,13.651429891586304
227,-20.0,-18.93243243243243,-17.0,1366.662162162162,10283.977,13.668776512145996
228,-20.0,-18.933333333333334,-17.0,1367.1866666666667,10260.763,14.105060577392578
229,-21.0,-18.924050632911392,-17.0,1374.367088607595,10334.818,14.683125734329224
230,-21.0,-18.9390243902439,-17.0,1377.3536585365853,10411.02,14.888282060623169
231,-21.0,-18.927710843373493,-17.0,1380.55421686747,10277.752,12.812060356140137
232,-21.0,-18.850574712643677,-16.0,1391.6091954022988,10212.031,12.83722472190857
233,-21.0,-18.831460674157302,-16.0,1392.8314606741574,10263.956,13.370567560195923
234,-21.0,-18.83695652173913,-16.0,1391.2717391304348,10242.303,14.5399911403656
235,-21.0,-18.778947368421054,-16.0,1403.4421052631578,10306.723,14.594979286193848
236,-21.0,-18.760416666666668,-16.0,1406.5520833333333,10259.049,13.334618330001831
237,-21.0,-18.727272727272727,-15.0,1412.6969696969697,10306.906,14.231549739837646
238,-21.0,-18.67,-15.0,1422.4,10217.483,13.265779972076416
239,-21.0,-18.64,-15.0,1429.36,10155.186,14.104562759399414
240,-21.0,-18.54,-15.0,1444.18,9944.88,12.83612847328186
241,-21.0,-18.5,-15.0,1452.5,10079.347,14.447197675704956
242,-21.0,-18.47,-15.0,1458.15,10177.488,13.945342302322388
243,-21.0,-18.44,-15.0,1469.46,10151.751,13.117965698242188
244,-21.0,-18.4,-15.0,1476.86,10146.432,14.585734844207764
245,-21.0,-18.35,-15.0,1487.86,10038.894,13.557724475860596
246,-21.0,-18.35,-15.0,1493.52,10051.944,13.536622762680054
247,-21.0,-18.31,-15.0,1503.76,10005.718,13.700486421585083
248,-21.0,-18.26,-15.0,1510.56,10036.669,13.680363416671753
249,-21.0,-18.25,-15.0,1511.84,10065.758,14.310201644897461
250,-21.0,-18.18,-15.0,1530.35,10227.571,14.365789651870728
251,-21.0,-18.18,-15.0,1531.92,10183.306,13.723100662231445
252,-21.0,-18.12,-15.0,1543.4,10171.559,13.586205244064331
253,-21.0,-18.12,-15.0,1548.46,10204.37,13.626167297363281
254,-21.0,-18.1,-15.0,1550.07,10176.532,14.46599555015564
255,-21.0,-18.05,-15.0,1557.89,10370.224,15.432170152664185
256,-21.0,-18.02,-15.0,1567.3,10341.348,12.992483377456665
257,-21.0,-18.01,-15.0,1570.73,10414.248,14.412888526916504
258,-21.0,-18.02,-15.0,1572.43,10433.186,13.901897192001343
259,-21.0,-18.01,-15.0,1574.4,10413.038,14.335869312286377
260,-21.0,-17.95,-15.0,1585.01,10276.516,12.974675416946411
261,-21.0,-17.9,-15.0,1589.59,10247.841,13.551567316055298
262,-21.0,-17.9,-15.0,1595.72,10199.396,13.141975402832031
263,-21.0,-17.86,-15.0,1602.69,10208.363,13.518932104110718
264,-21.0,-17.8,-15.0,1615.52,10156.808,13.631876468658447
265,-21.0,-17.76,-15.0,1625.2,10052.101,14.28546142578125
266,-21.0,-17.75,-15.0,1625.76,10049.84,13.082642793655396
267,-21.0,-17.69,-15.0,1638.87,9963.905,13.66157054901123
268,-21.0,-17.66,-15.0,1644.12,9943.587,13.51893925666809
269,-21.0,-17.6,-15.0,1651.58,9887.394,13.531965732574463
270,-20.0,-17.53,-15.0,1662.71,9897.415,13.287418127059937
271,-20.0,-17.5,-15.0,1665.57,9930.925,13.769710063934326
272,-20.0,-17.5,-15.0,1669.59,9985.844,13.942803144454956
273,-20.0,-17.49,-15.0,1669.27,10114.952,14.84812593460083
274,-20.0,-17.46,-15.0,1674.52,10167.91,14.431943893432617
275,-20.0,-17.43,-14.0,1685.77,10023.95,12.886783599853516
276,-20.0,-17.38,-14.0,1693.45,10034.933,13.12582015991211
277,-20.0,-17.31,-14.0,1707.05,10125.884,14.540201663970947
278,-20.0,-17.27,-14.0,1710.52,10173.202,13.979262113571167
279,-20.0,-17.22,-14.0,1719.94,10150.887,13.540886878967285
280,-20.0,-17.17,-14.0,1727.01,10134.059,12.960969686508179
281,-20.0,-17.19,-14.0,1729.6,10229.163,14.73769235610962
282,-20.0,-17.17,-14.0,1731.3,10106.475,12.529870510101318
283,-20.0,-17.18,-14.0,1733.46,10023.838,14.055482149124146
284,-20.0,-17.11,-12.0,1747.76,10001.415,13.98515272140503
285,-20.0,-17.06,-12.0,1754.33,10041.392,13.267058849334717
286,-20.0,-17.02,-12.0,1760.55,10076.156,13.60996699333191
287,-20.0,-17.02,-12.0,1763.31,10012.376,13.861145734786987
288,-20.0,-16.91,-12.0,1776.41,9950.513,13.514474868774414
289,-20.0,-16.84,-12.0,1785.19,9994.14,13.88794231414795
290,-20.0,-16.79,-12.0,1795.79,10075.521,13.855501174926758
291,-20.0,-16.73,-12.0,1802.31,9859.464,12.637329339981079
292,-20.0,-16.75,-12.0,1804.98,9907.98,13.018162965774536
293,-20.0,-16.71,-12.0,1813.65,9871.533,13.628018140792847
294,-20.0,-16.66,-12.0,1826.18,9834.132,13.665276288986206
295,-20.0,-16.63,-12.0,1832.88,9837.109,13.305830240249634
296,-20.0,-16.58,-12.0,1842.27,9800.583,13.07968807220459
297,-20.0,-16.57,-12.0,1849.46,9906.393,14.985750436782837
298,-20.0,-16.56,-12.0,1857.19,9903.377,13.338752508163452
299,-20.0,-16.53,-12.0,1863.38,9868.483,13.48432445526123
300,-20.0,-16.49,-12.0,1868.77,9862.453,13.709152936935425
301,-20.0,-16.44,-12.0,1881.63,9851.337,12.521777629852295
302,-20.0,-16.41,-12.0,1886.44,9982.588,14.512817144393921
303,-20.0,-16.39,-12.0,1891.13,9998.222,13.790424346923828
304,-20.0,-16.35,-12.0,1897.35,9951.264,13.113415479660034
305,-20.0,-16.26,-12.0,1912.63,9975.941,13.638880252838135
306,-20.0,-16.24,-12.0,1917.32,10049.579,13.823677778244019
307,-20.0,-16.25,-12.0,1917.43,9911.833,13.633332014083862
308,-20.0,-16.2,-12.0,1925.95,9982.164,14.058942317962646
309,-20.0,-16.14,-12.0,1937.27,9964.829,13.21909475326538
310,-20.0,-16.09,-12.0,1951.22,9859.252,12.828908443450928
311,-20.0,-16.07,-12.0,1955.05,9907.017,13.078591585159302
312,-20.0,-16.02,-12.0,1965.58,9739.6,12.576947212219238
313,-20.0,-16.0,-12.0,1966.86,9641.138,13.099272727966309
314,-20.0,-15.93,-12.0,1976.09,9729.528,14.098593473434448
315,-20.0,-15.95,-12.0,1975.09,9742.607,13.712594509124756
316,-20.0,-15.89,-12.0,1991.99,9652.182,13.006774663925171
317,-20.0,-15.88,-12.0,1994.35,9662.879,13.64572548866272
318,-20.0,-15.86,-12.0,2003.89,9737.447,14.847469568252563
319,-20.0,-15.87,-12.0,2007.65,9781.016,13.717251062393188
320,-20.0,-15.85,-12.0,2012.45,9895.507,13.806748151779175
321,-20.0,-15.86,-12.0,2012.23,9878.253,12.869821310043335
322,-20.0,-15.78,-12.0,2018.7,9966.774,13.493836402893066
323,-20.0,-15.75,-12.0,2030.86,10032.167,13.620667457580566
324,-20.0,-15.75,-12.0,2029.99,10025.016,14.003096103668213
325,-20.0,-15.74,-12.0,2032.27,10034.004,13.903080463409424
326,-20.0,-15.72,-12.0,2031.26,10174.153,14.408828020095825
327,-20.0,-15.75,-12.0,2034.79,10221.819,14.125078678131104
328,-20.0,-15.79,-12.0,2032.9,10227.108,14.917834997177124
329,-20.0,-15.76,-12.0,2036.46,10199.724,13.424618244171143
330,-20.0,-15.76,-12.0,2038.44,10186.439,13.791311502456665
331,-21.0,-15.83,-12.0,2035.38,10309.142,14.060623168945312
332,-21.0,-15.77,-12.0,2043.34,10276.45,13.214736461639404
333,-21.0,-15.74,-12.0,2048.49,10207.152,12.726403951644897
334,-21.0,-15.77,-12.0,2044.91,10135.076,13.456249475479126
335,-21.0,-15.75,-12.0,2049.37,10144.595,13.878867387771606
336,-21.0,-15.75,-12.0,2052.79,10051.072,13.392791032791138
337,-21.0,-15.78,-12.0,2053.32,10054.716,14.248838186264038
338,-21.0,-15.73,-12.0,2052.2,9874.493,13.016396760940552
339,-21.0,-15.8,-12.0,2045.64,9967.31,14.341939687728882
340,-21.0,-15.84,-12.0,2039.89,9917.522,13.162097215652466
341,-21.0,-15.82,-12.0,2040.01,9838.496,13.473793268203735
342,-21.0,-15.79,-12.0,2040.51,9810.521,13.174505233764648
343,-21.0,-15.71,-12.0,2047.37,9925.325,13.981799602508545
344,-21.0,-15.69,-12.0,2045.77,9881.649,12.985399007797241
345,-21.0,-15.68,-12.0,2050.23,9884.347,13.910863161087036
346,-21.0,-15.69,-12.0,2047.77,9908.571,13.587225198745728
347,-21.0,-15.7,-12.0,2050.12,9864.983,13.841432332992554
348,-21.0,-15.67,-12.0,2048.55,9825.135,12.655056953430176
349,-21.0,-15.69,-12.0,2047.71,9733.144,13.462507009506226
350,-21.0,-15.73,-12.0,2042.92,9735.345,13.245743751525879
351,-21.0,-15.75,-12.0,2041.51,9738.86,13.230704307556152
352,-21.0,-15.78,-12.0,2034.6,9808.024,13.547434329986572
353,-21.0,-15.79,-12.0,2036.53,9836.334,14.209067583084106
354,-21.0,-15.76,-12.0,2042.85,9902.594,13.459785223007202
355,-21.0,-15.69,-12.0,2052.73,9850.736,13.440865755081177
356,-21.0,-15.73,-12.0,2052.0,9874.581,13.845205307006836
357,-21.0,-15.73,-12.0,2050.16,9936.278,14.462178707122803
358,-21.0,-15.7,-12.0,2054.9,10019.668,13.506476163864136
359,-21.0,-15.68,-12.0,2057.23,9989.642,13.143288850784302
360,-21.0,-15.72,-12.0,2050.82,10063.203,14.005102396011353
361,-21.0,-15.7,-12.0,2053.72,10131.543,13.851736783981323
362,-21.0,-15.72,-12.0,2052.2,10179.892,14.069441556930542
363,-21.0,-15.77,-12.0,2046.34,10226.469,14.669090270996094
364,-21.0,-15.75,-12.0,2049.24,10235.524,13.71374773979187
365,-21.0,-15.78,-12.0,2047.98,10242.187,13.584723711013794
366,-21.0,-15.73,-12.0,2054.27,10224.65,13.82472848892212
367,-21.0,-15.76,-12.0,2051.28,10140.066,13.488554239273071
368,-21.0,-15.76,-12.0,2053.82,10200.166,14.121430158615112
369,-21.0,-15.7,-12.0,2057.52,10287.035,14.032865047454834
370,-21.0,-15.66,-12.0,2059.25,10218.228,13.649335384368896
371,-21.0,-15.68,-12.0,2061.4,10112.81,12.855196714401245
372,-21.0,-15.7,-12.0,2060.12,10052.504,13.8088538646698
373,-21.0,-15.72,-12.0,2060.16,9922.521,13.491245746612549
374,-21.0,-15.74,-12.0,2059.23,9885.839,13.25696063041687
375,-21.0,-15.72,-12.0,2066.0,9971.49,14.398582935333252
376,-21.0,-15.78,-12.0,2063.41,9862.877,12.598437547683716
377,-21.0,-15.76,-12.0,2067.94,9830.729,13.269386529922485
378,-21.0,-15.78,-12.0,2066.53,9788.349,13.640933752059937
379,-21.0,-15.68,-12.0,2075.63,9682.174,12.959257125854492
380,-21.0,-15.66,-12.0,2074.81,9851.696,15.181817770004272
381,-21.0,-15.64,-11.0,2077.53,9933.871,13.65404200553894
382,-20.0,-15.62,-11.0,2076.49,9926.78,13.358896017074585
383,-20.0,-15.62,-11.0,2069.63,9949.686,13.605334997177124
384,-20.0,-15.59,-11.0,2072.55,10009.0,13.90563678741455
385,-20.0,-15.62,-11.0,2069.4,9912.951,13.407670259475708
386,-20.0,-15.64,-11.0,2063.23,10064.162,14.096870183944702
387,-20.0,-15.63,-11.0,2068.69,10114.522,13.869705200195312
388,-20.0,-15.63,-11.0,2069.95,10034.651,12.819251298904419
389,-20.0,-15.58,-11.0,2081.3,10179.956,14.43183422088623
390,-20.0,-15.56,-11.0,2082.67,10053.508,13.833902835845947
391,-20.0,-15.56,-11.0,2084.9,10104.178,14.190948247909546
392,-20.0,-15.57,-11.0,2083.6,10076.045,13.083189010620117
393,-20.0,-15.55,-11.0,2088.33,10069.489,13.538745164871216
394,-20.0,-15.58,-11.0,2090.11,10092.179,13.994334697723389
395,-20.0,-15.57,-11.0,2091.72,10009.066,12.495483160018921
396,-20.0,-15.55,-11.0,2095.09,10004.61,14.058623552322388
397,-19.0,-15.49,-11.0,2094.08,9963.904,13.328611612319946
398,-19.0,-15.52,-11.0,2089.81,10035.33,13.639259576797485
399,-19.0,-15.5,-11.0,2093.52,10011.461,14.200002908706665
400,-19.0,-15.46,-11.0,2098.46,10016.694,13.72631025314331
401,-19.0,-15.43,-11.0,2096.62,9983.533,13.810863733291626
402,-19.0,-15.44,-11.0,2100.0,10026.64,13.491498231887817
403,-19.0,-15.4,-11.0,2104.68,9982.974,13.251712799072266
404,-19.0,-15.39,-11.0,2109.07,9913.094,13.305670738220215
405,-19.0,-15.37,-11.0,2110.3,9949.324,12.860106468200684
406,-19.0,-15.38,-11.0,2107.64,9947.561,14.02486515045166
407,-19.0,-15.42,-11.0,2108.59,9921.014,13.026796579360962
408,-19.0,-15.43,-11.0,2104.72,9909.542,13.643160343170166
409,-19.0,-15.4,-11.0,2107.36,9887.733,14.081610918045044
410,-19.0,-15.38,-11.0,2109.49,9874.017,13.643528699874878
411,-19.0,-15.41,-11.0,2107.61,9823.471,13.320370197296143
412,-19.0,-15.41,-11.0,2107.61,9899.249,14.476813554763794
413,-19.0,-15.39,-11.0,2107.67,10011.965,14.19544243812561
414,-19.0,-15.39,-11.0,2108.16,10063.257,13.898367881774902
415,-19.0,-15.35,-11.0,2111.21,10122.948,13.610601902008057
416,-19.0,-15.24,-10.0,2122.57,9988.438,12.762368202209473
417,-19.0,-15.24,-10.0,2122.57,9971.839,12.892570495605469
418,-19.0,-15.18,-10.0,2135.28,10062.634,14.565675020217896
419,-19.0,-15.18,-10.0,2132.71,10053.095,14.03945279121399
420,-19.0,-15.16,-10.0,2135.18,10064.765,13.680389881134033
421,-19.0,-15.11,-10.0,2140.69,10048.292,13.10175609588623
422,-19.0,-15.12,-10.0,2139.96,9981.444,13.608381986618042
423,-19.0,-15.13,-10.0,2144.44,9973.096,14.203223466873169
424,-19.0,-15.09,-10.0,2142.91,9873.892,12.823761940002441
425,-19.0,-15.09,-10.0,2148.53,9874.621,13.791922330856323
426,-19.0,-15.06,-10.0,2152.22,9876.626,12.762474060058594
427,-19.0,-14.99,-10.0,2162.68,9925.126,13.341234922409058
428,-19.0,-14.96,-10.0,2167.89,9806.994,13.372455596923828
429,-19.0,-14.96,-10.0,2167.23,9781.537,13.572266578674316
430,-19.0,-14.95,-10.0,2167.12,9808.537,14.161518812179565
431,-19.0,-14.91,-10.0,2172.49,9751.468,12.557661533355713
432,-19.0,-14.91,-10.0,2177.26,9751.578,13.757343292236328
433,-19.0,-14.83,-10.0,2185.36,9641.943,13.019663572311401
434,-19.0,-14.82,-10.0,2187.41,9779.828,14.30957293510437
435,-19.0,-14.85,-10.0,2187.65,9835.725,14.178234577178955
436,-19.0,-14.9,-10.0,2179.13,9926.916,13.605683326721191
437,-19.0,-14.82,-10.0,2198.35,10005.894,14.111544370651245
438,-19.0,-14.81,-10.0,2203.42,9986.469,12.972529649734497
439,-19.0,-14.8,-10.0,2208.99,10053.418,14.315472841262817
440,-19.0,-14.8,-10.0,2209.57,10066.994,14.104260206222534
441,-19.0,-14.83,-10.0,2205.43,10142.704,13.347437620162964
442,-19.0,-14.81,-10.0,2204.31,10162.142,13.77668809890747
443,-19.0,-14.81,-10.0,2204.31,10139.995,13.12280559539795
444,-19.0,-14.8,-10.0,2209.79,10070.606,13.518098831176758
445,-19.0,-14.82,-10.0,2208.63,10018.062,13.510039329528809
446,-19.0,-14.84,-10.0,2215.18,10015.942,13.639105319976807
447,-19.0,-14.75,-10.0,2226.37,9944.796,13.393813133239746
448,-19.0,-14.74,-10.0,2227.26,9924.693,12.840709686279297
449,-19.0,-14.78,-10.0,2223.77,9906.005,14.148258447647095
450,-19.0,-14.78,-10.0,2223.77,9885.498,14.027150869369507
451,-19.0,-14.84,-10.0,2223.99,9856.521,13.121739864349365
452,-19.0,-14.84,-10.0,2223.99,9796.639,13.259442329406738
453,-19.0,-14.76,-10.0,2236.13,9890.432,13.80125117301941
454,-19.0,-14.76,-10.0,2233.18,9857.235,13.162223100662231
455,-19.0,-14.75,-10.0,2234.34,9898.889,14.051552295684814
456,-19.0,-14.74,-10.0,2238.04,9876.905,13.39582633972168
457,-19.0,-14.73,-10.0,2241.39,9947.591,14.115639448165894
458,-19.0,-14.72,-10.0,2244.32,9960.765,12.969011068344116
459,-19.0,-14.72,-10.0,2244.32,9942.694,13.920212507247925
460,-19.0,-14.74,-10.0,2243.88,9896.721,13.437994003295898
461,-19.0,-14.74,-10.0,2243.88,9942.512,13.479972124099731
462,-19.0,-14.67,-10.0,2254.47,9966.117,13.627878189086914
463,-19.0,-14.66,-10.0,2254.27,9954.472,13.781487703323364
464,-19.0,-14.68,-10.0,2250.43,10074.808,14.47746205329895
465,-19.0,-14.67,-10.0,2259.35,10015.038,13.358522415161133
466,-19.0,-14.71,-10.0,2253.7,9996.355,13.351173639297485
467,-19.0,-14.66,-10.0,2265.85,9983.024,14.093220710754395
468,-19.0,-14.66,-10.0,2266.16,10071.913,13.87518310546875
469,-19.0,-14.69,-10.0,2263.59,9984.676,13.280729055404663
470,-19.0,-14.66,-10.0,2266.77,9989.169,13.501692056655884
471,-19.0,-14.62,-10.0,2269.45,10000.144,13.59542441368103
472,-19.0,-14.61,-10.0,2276.84,10036.094,14.155452728271484
473,-19.0,-14.66,-10.0,2269.61,10057.568,14.100199937820435
474,-19.0,-14.67,-10.0,2268.37,9993.94,13.683501958847046
475,-19.0,-14.68,-10.0,2269.94,10109.457,14.495519399642944
476,-19.0,-14.69,-10.0,2272.11,10144.561,13.573524713516235
477,-19.0,-14.69,-10.0,2269.48,10114.051,13.727081298828125
478,-19.0,-14.73,-10.0,2266.03,10077.715,13.443673610687256
479,-19.0,-14.68,-10.0,2270.11,10063.62,12.967203140258789
480,-19.0,-14.72,-10.0,2268.94,10075.554,13.665205955505371
481,-19.0,-14.7,-10.0,2272.09,10023.158,13.093569278717041
482,-19.0,-14.7,-10.0,2272.09,10007.514,14.069304704666138
483,-19.0,-14.68,-10.0,2270.5,10065.205,14.511392831802368
484,-19.0,-14.7,-10.0,2267.85,10078.041,13.909594297409058
485,-19.0,-14.68,-10.0,2269.53,9982.623,13.705716609954834
486,-19.0,-14.64,-10.0,2273.74,9893.883,12.671214580535889
487,-19.0,-14.64,-10.0,2273.74,9848.199,13.463624000549316
488,-19.0,-14.61,-10.0,2270.29,9920.697,14.14631724357605
489,-19.0,-14.61,-10.0,2270.29,9945.627,13.091579914093018
490,-19.0,-14.72,-10.0,2267.36,9966.704,13.92002272605896
491,-19.0,-14.67,-10.0,2272.14,9967.479,13.184027433395386
492,-19.0,-14.63,-10.0,2285.28,10027.45,14.205356359481812
493,-19.0,-14.6,-10.0,2288.12,9902.642,13.203556537628174
494,-19.0,-14.63,-10.0,2282.74,9790.949,13.022053718566895
495,-19.0,-14.6,-10.0,2287.26,9802.78,13.660419702529907
496,-19.0,-14.56,-10.0,2291.47,9885.964,13.530108451843262
497,-19.0,-14.55,-10.0,2291.59,9857.936,12.947262048721313
498,-19.0,-14.56,-10.0,2295.69,9747.288,13.172549962997437
499,-19.0,-14.52,-10.0,2303.28,9827.039,13.903045177459717
500,-19.0,-14.49,-10.0,2309.36,9773.364,13.261731386184692
501,-19.0,-14.49,-10.0,2309.36,9877.874,14.581713914871216
502,-19.0,-14.38,-9.0,2318.43,9813.113,13.755675792694092
503,-19.0,-14.37,-9.0,2320.15,9812.491,13.522321224212646
504,-19.0,-14.32,-9.0,2322.74,9871.732,13.338367223739624
505,-19.0,-14.33,-9.0,2324.55,9918.132,14.293122291564941
506,-19.0,-14.38,-9.0,2317.24,9942.582,13.852365493774414
507,-18.0,-14.3,-9.0,2325.7,9920.864,12.74053144454956
508,-18.0,-14.3,-9.0,2325.7,10015.452,14.30988621711731
509,-18.0,-14.24,-9.0,2327.63,9954.834,13.387963771820068
510,-18.0,-14.24,-9.0,2327.63,9979.484,13.509900331497192
511,-18.0,-14.25,-9.0,2330.42,9846.285,12.818718433380127
512,-18.0,-14.25,-9.0,2333.94,9816.609,13.560227155685425
513,-18.0,-14.25,-9.0,2333.94,9854.563,13.666569709777832
514,-18.0,-14.28,-9.0,2341.88,9948.764,14.475439071655273
515,-18.0,-14.28,-9.0,2341.88,9852.293,13.1640043258667
516,-18.0,-14.19,-9.0,2357.01,9835.235,13.583319187164307
517,-18.0,-14.17,-9.0,2362.15,9908.809,13.534089088439941
518,-18.0,-14.17,-9.0,2362.15,9865.169,13.90550947189331
519,-19.0,-14.09,-9.0,2365.53,9819.437,12.842793464660645
520,-19.0,-14.09,-9.0,2365.53,9804.971,13.715019464492798
521,-19.0,-14.12,-9.0,2368.22,9923.479,14.140503168106079
522,-19.0,-14.12,-9.0,2368.22,9927.45,13.508010864257812
523,-19.0,-14.11,-9.0,2368.28,9978.832,14.13313889503479
524,-19.0,-14.09,-9.0,2361.55,9873.09,13.237125635147095
525,-19.0,-14.07,-9.0,2367.71,9980.95,14.308736801147461
526,-19.0,-14.05,-9.0,2374.14,10011.079,13.876849174499512
527,-19.0,-14.05,-9.0,2374.14,10064.383,14.196808576583862
528,-19.0,-14.12,-9.0,2373.79,10041.294,13.448431491851807
529,-19.0,-14.12,-9.0,2377.48,10157.66,14.045040369033813
530,-19.0,-14.15,-9.0,2373.67,10232.888,14.239870548248291
531,-19.0,-14.17,-9.0,2372.78,10139.077,13.04579758644104
532,-19.0,-14.17,-9.0,2374.91,10248.941,14.43131971359253
533,-19.0,-14.17,-9.0,2374.7,10207.162,13.641237020492554
534,-19.0,-14.23,-9.0,2362.81,10183.308,13.007301092147827
535,-19.0,-14.25,-9.0,2358.38,10169.721,14.201155662536621
536,-19.0,-14.18,-9.0,2370.65,10114.88,13.421594142913818
537,-19.0,-14.15,-9.0,2371.34,10031.507,13.12339186668396
538,-19.0,-14.13,-9.0,2378.05,10020.029,13.464709043502808
539,-19.0,-14.1,-9.0,2381.18,9942.591,13.363231658935547
540,-19.0,-14.15,-9.0,2375.15,9789.602,12.711149215698242
541,-19.0,-14.18,-9.0,2370.49,9793.153,13.08190369606018
542,-19.0,-14.18,-9.0,2370.49,9753.281,14.143108129501343
543,-19.0,-14.1,-9.0,2387.74,9741.653,13.554521560668945
544,-19.0,-14.1,-9.0,2387.74,9910.438,14.674773216247559
545,-19.0,-14.1,-9.0,2390.93,9879.404,13.75157356262207
546,-19.0,-14.17,-9.0,2387.06,9852.718,13.080244779586792
547,-19.0,-14.17,-9.0,2387.06,9868.863,13.3100106716156
548,-19.0,-14.14,-9.0,2396.54,9859.296,13.147488117218018
549,-19.0,-14.12,-9.0,2404.15,9865.213,13.259681940078735
550,-19.0,-14.09,-9.0,2403.86,9900.917,13.035691261291504
551,-19.0,-14.12,-9.0,2405.11,9987.829,14.083884954452515
552,-19.0,-14.12,-9.0,2405.11,9984.293,13.99801516532898
553,-19.0,-14.13,-9.0,2401.45,9985.185,13.51768445968628
554,-19.0,-14.13,-9.0,2404.45,9869.206,13.538382768630981
555,-19.0,-14.12,-9.0,2405.1,9800.467,13.28715205192566
556,-19.0,-14.1,-9.0,2411.84,9757.645,12.664264917373657
557,-19.0,-14.03,-9.0,2428.81,9762.619,13.42498517036438
558,-19.0,-14.04,-9.0,2424.23,9824.164,13.730163812637329
559,-19.0,-14.04,-9.0,2424.23,9832.117,13.544909000396729
560,-19.0,-14.0,-9.0,2435.05,9941.03,14.087765216827393
561,-19.0,-14.0,-9.0,2435.05,9947.152,14.025947332382202
562,-19.0,-14.0,-9.0,2438.9,9799.66,12.919157028198242
563,-19.0,-13.96,-9.0,2446.42,9825.493,13.8735511302948
564,-19.0,-13.99,-9.0,2442.64,9819.818,13.668961524963379
565,-19.0,-14.02,-9.0,2452.69,9798.625,12.921608448028564
566,-19.0,-14.02,-9.0,2452.69,9898.158,13.602378606796265
567,-19.0,-13.95,-9.0,2459.26,9778.448,12.335763692855835
568,-19.0,-13.95,-9.0,2458.68,9714.512,13.128971099853516
569,-19.0,-13.93,-9.0,2465.2,9830.828,14.733169317245483
570,-19.0,-13.93,-9.0,2465.2,9794.568,13.729727506637573
571,-19.0,-13.94,-9.0,2469.97,9798.691,14.185017108917236
572,-19.0,-13.98,-9.0,2459.84,9979.474,14.317564249038696
573,-19.0,-13.93,-9.0,2464.91,9915.693,13.153985023498535
574,-19.0,-13.93,-9.0,2472.25,9877.65,13.10350751876831
575,-19.0,-13.87,-9.0,2482.92,9946.876,13.710837125778198
576,-19.0,-13.84,-9.0,2481.4,9915.169,13.325177431106567
577,-19.0,-13.93,-9.0,2463.52,10006.458,13.089646577835083
578,-19.0,-13.93,-9.0,2463.52,10019.559,13.22550892829895
579,-19.0,-13.89,-9.0,2472.05,9830.462,12.628206968307495
580,-19.0,-13.89,-9.0,2472.05,9803.038,13.403756856918335
581,-19.0,-13.83,-9.0,2486.56,9709.672,13.130144357681274
582,-19.0,-13.83,-9.0,2486.56,9699.391,14.180845975875854
583,-19.0,-13.88,-9.0,2476.8,9780.219,14.10787034034729
584,-19.0,-13.7,-4.0,2502.34,9791.362,13.233535528182983
585,-19.0,-13.7,-4.0,2502.34,9710.797,13.040397882461548
586,-19.0,-13.72,-4.0,2513.61,9806.338,14.286302089691162
587,-19.0,-13.66,-4.0,2525.12,9875.651,13.744384288787842
588,-19.0,-13.66,-4.0,2522.36,9809.51,12.66499400138855
589,-19.0,-13.65,-4.0,2519.01,9886.68,13.452540636062622
590,-19.0,-13.65,-4.0,2519.01,9965.707,14.264837265014648
591,-19.0,-13.65,-4.0,2519.01,9964.846,13.101096391677856
592,-18.0,-13.53,-4.0,2530.51,9861.869,13.463350772857666
593,-18.0,-13.54,-4.0,2527.67,9804.619,13.383602857589722
594,-18.0,-13.29,-4.0,2564.0,9836.443,13.494788646697998
595,-18.0,-13.29,-4.0,2564.0,9882.648,13.216444969177246
596,-18.0,-13.23,-4.0,2576.8,9826.0,13.79406452178955
597,-18.0,-13.28,-4.0,2575.58,9771.973,13.295649290084839
598,-18.0,-13.32,-4.0,2572.0,9873.107,13.895682334899902
599,-18.0,-13.28,-4.0,2582.39,9839.184,13.203040838241577
600,-18.0,-13.18,-4.0,2600.03,9765.994,13.45762014389038
601,-18.0,-13.22,-4.0,2591.49,9731.303,12.782243728637695
602,-18.0,-13.21,-4.0,2594.05,9901.204,14.888100624084473
603,-18.0,-13.21,-4.0,2594.05,9873.607,13.155620098114014
604,-18.0,-13.17,-4.0,2600.26,9863.993,13.512372732162476
605,-18.0,-13.1,-4.0,2609.24,9996.108,14.562685012817383
606,-18.0,-13.08,-4.0,2612.91,9989.597,13.615516662597656
607,-18.0,-13.12,-4.0,2606.33,9995.591,13.313023805618286
608,-18.0,-13.12,-4.0,2606.33,10064.573,14.72833800315857
609,-18.0,-13.13,-4.0,2601.27,10078.54,13.216885328292847
610,-18.0,-13.14,-4.0,2603.17,10170.47,14.773729801177979
611,-18.0,-13.11,-4.0,2608.66,10252.694,13.62253189086914
612,-18.0,-13.05,-4.0,2613.75,10146.097,13.802868366241455
613,-18.0,-13.03,-4.0,2614.94,10135.163,12.986053228378296
614,-18.0,-12.98,-4.0,2617.69,10220.711,14.262251377105713
615,-18.0,-12.92,-4.0,2626.92,10163.035,14.116025447845459
616,-18.0,-12.96,-4.0,2625.09,10171.567,13.76994776725769
617,-18.0,-12.92,-4.0,2625.38,10173.805,13.325607538223267
618,-18.0,-12.93,-4.0,2626.06,10107.221,13.995688915252686
619,-18.0,-12.9,-4.0,2627.12,10153.209,13.848560571670532
620,-18.0,-12.94,-4.0,2626.14,10121.672,14.061501741409302
621,-18.0,-12.98,-4.0,2624.24,10079.317,13.162201404571533
622,-18.0,-13.02,-4.0,2616.61,10015.904,13.292734622955322
623,-18.0,-13.03,-4.0,2614.7,10138.693,14.263750553131104
624,-18.0,-12.97,-4.0,2628.38,9969.764,12.536494255065918
625,-18.0,-12.9,-4.0,2634.71,9890.099,13.240872383117676
626,-18.0,-12.94,-4.0,2633.33,9872.439,13.515860080718994
627,-18.0,-12.98,-4.0,2628.7,9827.008,12.986315250396729
628,-18.0,-12.98,-4.0,2625.77,9728.424,12.930541038513184
629,-18.0,-13.02,-4.0,2618.99,9650.748,13.067526578903198
630,-18.0,-12.94,-4.0,2627.77,9501.507,12.601857423782349
631,-18.0,-12.94,-4.0,2627.77,9629.895,14.575566291809082
632,-18.0,-12.9,-4.0,2635.49,9723.902,14.454453706741333
633,-18.0,-12.91,-4.0,2639.31,9650.503,13.588258266448975
634,-18.0,-12.91,-4.0,2635.75,9654.616,12.594195127487183
635,-18.0,-12.82,-4.0,2649.52,9695.679,13.831478834152222
636,-18.0,-12.86,-4.0,2642.15,9725.293,13.856359004974365
637,-18.0,-12.88,-4.0,2638.5,9789.266,13.621244192123413
638,-18.0,-12.83,-4.0,2650.45,9831.076,13.046833753585815
639,-18.0,-12.85,-4.0,2659.53,9934.399,13.9381742477417
640,-18.0,-12.77,-4.0,2662.93,10074.497,13.931880474090576
641,-18.0,-12.79,-4.0,2659.25,9976.239,13.519135236740112
642,-18.0,-12.8,-4.0,2659.86,9873.276,13.077691555023193
643,-18.0,-12.74,-4.0,2668.78,9881.993,13.719539642333984
644,-18.0,-12.74,-4.0,2673.27,9896.482,12.715863466262817
645,-18.0,-12.78,-4.0,2665.4,9937.613,13.985160112380981
646,-18.0,-12.89,-4.0,2648.35,9941.242,13.857172012329102
647,-18.0,-12.87,-4.0,2654.06,9978.592,13.915234804153442
648,-18.0,-12.87,-4.0,2656.11,9976.336,12.988508224487305
649,-18.0,-12.82,-4.0,2665.18,9930.4,13.600087642669678
650,-18.0,-12.97,-4.0,2646.17,9875.493,13.590652465820312
651,-18.0,-12.95,-4.0,2645.67,9802.836,12.849984407424927
652,-18.0,-12.97,-4.0,2642.94,9879.007,13.860342979431152
653,-18.0,-12.89,-4.0,2648.39,9906.397,14.000137090682983
654,-18.0,-12.9,-4.0,2649.16,9944.47,13.17978811264038
655,-18.0,-12.78,-4.0,2664.86,9896.227,13.539533138275146
656,-18.0,-12.77,-4.0,2666.15,9817.094,13.221531391143799
657,-18.0,-12.76,-4.0,2669.69,9674.364,12.571274995803833
658,-18.0,-12.74,-4.0,2676.27,9683.07,13.127187728881836
659,-18.0,-12.82,-4.0,2668.64,9710.96,13.758848667144775
660,-18.0,-12.86,-4.0,2658.28,9622.058,12.7355318069458
661,-18.0,-12.87,-4.0,2657.15,9693.062,13.53128170967102
662,-18.0,-12.98,-6.0,2639.65,9605.074,13.062162399291992
663,-18.0,-12.92,-6.0,2646.03,9538.773,13.229261875152588
664,-18.0,-12.91,-6.0,2648.36,9641.585,14.420876264572144
665,-18.0,-12.91,-6.0,2648.36,9609.167,13.407378435134888
666,-18.0,-12.9,-6.0,2648.37,9574.945,12.932995080947876
667,-18.0,-12.91,-6.0,2648.98,9705.741,13.755636215209961
668,-18.0,-12.85,-6.0,2659.85,9761.798,13.869332313537598
669,-18.0,-12.86,-6.0,2660.45,9836.69,14.481336116790771
670,-18.0,-12.72,-6.0,2683.14,9962.216,13.788792133331299
671,-18.0,-12.76,-6.0,2679.59,9962.501,13.66476321220398
672,-18.0,-12.76,-6.0,2679.59,9959.21,12.986913919448853
673,-18.0,-12.77,-6.0,2682.24,9928.987,12.925387620925903
674,-18.0,-12.74,-6.0,2685.87,9940.908,14.26632046699524
675,-18.0,-12.72,-6.0,2692.36,9992.446,14.036749601364136
676,-18.0,-12.66,-6.0,2701.27,10041.321,13.267155170440674
677,-18.0,-12.71,-6.0,2697.26,10079.993,14.41021728515625
678,-18.0,-12.69,-6.0,2701.55,9954.885,12.583232164382935
679,-18.0,-12.67,-6.0,2705.45,9853.925,13.490549087524414
680,-18.0,-12.67,-6.0,2705.45,9774.921,13.109955549240112
681,-18.0,-12.69,-6.0,2706.93,9783.058,13.631986379623413
682,-18.0,-12.74,-6.0,2702.83,9803.73,13.137649297714233
683,-18.0,-12.74,-6.0,2702.83,9928.767,14.509751796722412
684,-18.0,-12.77,-6.0,2702.69,9859.836,13.585799217224121
685,-18.0,-12.75,-6.0,2707.57,9814.03,13.315660238265991
686,-18.0,-12.75,-6.0,2709.38,9826.853,13.401989459991455
687,-18.0,-12.67,-6.0,2722.76,9705.939,13.198314905166626
688,-18.0,-12.67,-6.0,2722.76,9789.996,13.356924295425415
689,-18.0,-12.62,-6.0,2722.28,9818.788,13.812216997146606
690,-18.0,-12.63,-6.0,2721.78,9986.717,14.662382364273071
691,-18.0,-12.6,-6.0,2727.44,9922.984,12.875235795974731
692,-18.0,-12.6,-6.0,2726.55,9987.2,13.81829309463501
693,-18.0,-12.61,-6.0,2716.97,9843.217,12.772128582000732
694,-18.0,-12.61,-6.0,2716.97,9786.928,13.02908968925476
695,-18.0,-12.53,-6.0,2723.96,9795.798,13.380740880966187
696,-18.0,-12.56,-6.0,2719.78,9742.003,13.009641885757446
697,-18.0,-12.56,-6.0,2719.78,9849.372,14.016655921936035
698,-18.0,-12.59,-6.0,2718.11,9990.285,14.773934364318848
699,-18.0,-12.56,-6.0,2723.44,9921.911,13.465952157974243
700,-18.0,-12.56,-6.0,2723.44,9851.387,13.963889360427856
701,-18.0,-12.5,-6.0,2729.16,10039.384,14.753469705581665
702,-18.0,-12.46,-6.0,2740.76,9969.47,13.364214897155762
703,-18.0,-12.49,-6.0,2739.12,10077.381,13.906174182891846
704,-18.0,-12.46,-6.0,2745.49,10105.022,13.292096853256226
705,-18.0,-12.47,-6.0,2741.59,10150.407,14.124755144119263
706,-18.0,-12.46,-6.0,2742.77,10235.749,13.845619678497314
707,-18.0,-12.41,-6.0,2746.15,10110.121,12.948050260543823
708,-18.0,-12.52,-6.0,2729.53,9948.303,13.339025735855103
709,-18.0,-12.52,-6.0,2729.53,10030.766,14.043842554092407
710,-18.0,-12.62,-6.0,2719.26,9989.129,13.602853775024414
711,-18.0,-12.6,-6.0,2724.75,9830.945,13.216516971588135
712,-18.0,-12.56,-6.0,2727.32,9849.125,13.386130332946777
713,-18.0,-12.53,-6.0,2728.59,9809.184,13.570353507995605
714,-18.0,-12.47,-6.0,2744.71,9801.921,13.272555589675903
715,-18.0,-12.47,-6.0,2744.71,9739.888,13.242029190063477
716,-18.0,-12.52,-6.0,2744.54,9724.298,13.515345096588135
717,-18.0,-12.52,-6.0,2744.54,9830.187,14.026450157165527
718,-18.0,-12.46,-6.0,2751.07,9859.003,13.299759864807129
719,-18.0,-12.37,-6.0,2760.17,9778.41,13.142752647399902
720,-18.0,-12.37,-6.0,2760.17,9805.601,14.056715250015259
721,-18.0,-12.39,-6.0,2763.94,9887.927,14.00418210029602
722,-18.0,-12.44,-6.0,2764.36,10011.615,14.627063751220703
723,-18.0,-12.44,-6.0,2764.36,10055.222,13.992368459701538
724,-18.0,-12.56,-6.0,2756.13,10134.012,14.079457998275757
725,-18.0,-12.56,-6.0,2757.86,10279.692,14.758110761642456
726,-18.0,-12.56,-6.0,2757.86,10250.622,13.276590824127197
727,-18.0,-12.6,-6.0,2755.19,10324.621,14.68963098526001
728,-18.0,-12.58,-6.0,2757.77,10321.169,13.531681537628174
729,-18.0,-12.58,-6.0,2760.03,10397.479,13.84255599975586
730,-18.0,-12.53,-6.0,2776.08,10355.701,13.386361598968506
731,-18.0,-12.51,-6.0,2780.71,10275.217,13.193280935287476
732,-18.0,-12.53,-6.0,2775.67,10198.957,13.992820739746094
733,-18.0,-12.54,-6.0,2770.14,10254.184,14.374272346496582
734,-18.0,-12.6,-6.0,2765.47,10316.691,14.725754737854004
735,-18.0,-12.63,-6.0,2761.14,10283.655,14.445056200027466
736,-18.0,-12.73,-6.0,2744.25,10308.152,13.535403728485107
737,-18.0,-12.75,-6.0,2738.55,10192.5,13.4028160572052
738,-18.0,-12.84,-6.0,2726.05,10176.732,13.268981456756592
739,-18.0,-12.86,-6.0,2719.08,10119.87,13.35713815689087
740,-18.0,-12.8,-6.0,2731.31,10222.988,14.461002826690674
741,-18.0,-12.71,-6.0,2748.84,10436.23,15.51693344116211
742,-18.0,-12.7,-6.0,2751.77,10359.828,13.095263481140137
743,-18.0,-12.69,-6.0,2752.31,10229.434,13.128111600875854
744,-18.0,-12.69,-6.0,2755.37,10070.125,13.198383569717407
745,-18.0,-12.65,-6.0,2754.99,10028.474,13.92007040977478
746,-18.0,-12.65,-6.0,2754.99,9931.768,12.705870389938354
747,-18.0,-12.65,-6.0,2755.16,10063.559,14.738770723342896
748,-18.0,-12.68,-6.0,2753.88,10051.265,13.18445897102356
749,-18.0,-12.68,-6.0,2753.88,10026.72,13.048811674118042
750,-18.0,-12.7,-6.0,2744.5,9916.78,13.314088106155396
751,-18.0,-12.6,-6.0,2756.19,9796.007,14.159120321273804
752,-18.0,-12.6,-6.0,2756.19,9816.463,13.342498540878296
753,-18.0,-12.63,-6.0,2756.62,9797.985,12.911770105361938
754,-18.0,-12.61,-6.0,2755.6,9867.48,13.730435132980347
755,-18.0,-12.6,-6.0,2752.79,9828.377,13.490973949432373
756,-18.0,-12.58,-6.0,2756.84,9912.539,13.437187433242798
757,-18.0,-12.5,-3.0,2770.87,9809.835,13.75370478630066
758,-18.0,-12.5,-3.0,2770.87,9808.666,12.99383544921875
759,-18.0,-12.52,-3.0,2774.94,9788.023,12.856422424316406
760,-18.0,-12.52,-3.0,2774.94,9826.668,13.731981754302979
761,-18.0,-12.52,-3.0,2774.94,9727.4,13.174570798873901
762,-18.0,-12.5,-3.0,2779.45,9724.759,13.17776346206665
763,-18.0,-12.47,-3.0,2785.27,9800.044,13.683791399002075
764,-18.0,-12.52,-3.0,2784.37,9765.968,13.396955728530884
765,-18.0,-12.5,-3.0,2792.41,9746.554,13.559660196304321
766,-18.0,-12.43,-3.0,2807.6,9723.786,13.109874963760376
767,-18.0,-12.44,-3.0,2803.61,9711.462,13.693537950515747
768,-18.0,-12.46,-3.0,2804.27,9733.238,13.225472211837769
769,-18.0,-12.46,-3.0,2804.27,9797.341,13.497199058532715
770,-18.0,-12.5,-3.0,2801.09,9754.235,13.733983516693115
771,-18.0,-12.54,-3.0,2792.68,9712.291,12.740079879760742
772,-18.0,-12.51,-3.0,2795.2,9723.608,13.279662609100342
773,-18.0,-12.5,-3.0,2798.49,9715.857,13.972215175628662
774,-18.0,-12.43,-3.0,2810.66,9786.613,14.253659963607788
775,-18.0,-12.43,-3.0,2810.66,9932.081,14.748364448547363
776,-18.0,-12.47,-3.0,2807.11,9975.463,13.778074026107788
777,-18.0,-12.51,-3.0,2806.1,9944.328,13.443359851837158
778,-18.0,-12.51,-3.0,2806.1,10068.851,14.426753044128418
779,-18.0,-12.44,-3.0,2816.73,10096.75,13.833978176116943
780,-18.0,-12.44,-3.0,2816.73,10160.673,14.327364921569824
781,-18.0,-12.45,-3.0,2813.83,10272.163,13.920372486114502
782,-18.0,-12.49,-3.0,2812.02,10217.816,12.832869529724121
783,-18.0,-12.49,-3.0,2812.02,10190.052,13.255959033966064
784,-18.0,-12.42,-3.0,2818.87,10173.706,14.0956289768219
785,-18.0,-12.41,-3.0,2825.15,10004.713,13.038368940353394
786,-18.0,-12.38,-3.0,2816.14,10056.034,14.046094179153442
787,-18.0,-12.44,-3.0,2811.49,10088.117,13.546883583068848
788,-18.0,-12.5,-3.0,2802.17,9959.096,13.247102975845337
789,-18.0,-12.55,-3.0,2792.94,9871.242,12.853742837905884
790,-18.0,-12.57,-3.0,2786.42,9852.913,13.796910762786865
791,-18.0,-12.54,-3.0,2785.99,9840.02,13.75797414779663
792,-18.0,-12.46,-3.0,2789.38,9888.911,13.24928879737854
793,-18.0,-12.44,-3.0,2792.43,9956.546,14.295706033706665
794,-18.0,-12.45,-3.0,2787.87,9929.846,13.66563868522644
795,-18.0,-12.36,-3.0,2805.57,10060.172,14.42352557182312
796,-18.0,-12.35,-3.0,2810.16,9936.839,12.980521202087402
797,-18.0,-12.37,-3.0,2809.99,9937.696,13.862462282180786
798,-18.0,-12.4,-3.0,2805.92,10021.732,14.212970972061157
799,-18.0,-12.4,-3.0,2805.92,10095.079,13.716213941574097
800,-18.0,-12.49,-3.0,2788.27,10114.239,14.044888019561768
801,-18.0,-12.48,-3.0,2789.2,10030.324,12.982178449630737
802,-18.0,-12.45,-3.0,2797.51,10052.025,13.448666095733643
803,-18.0,-12.38,-3.0,2808.28,9910.114,12.600795030593872
804,-18.0,-12.33,-3.0,2820.19,9983.907,14.594683408737183
805,-18.0,-12.33,-3.0,2815.03,9892.676,13.53116488456726
806,-18.0,-12.22,-3.0,2835.8,9944.664,13.332989931106567
807,-17.0,-12.2,-3.0,2839.68,10007.666,14.256165027618408
808,-17.0,-12.17,-3.0,2847.71,10041.785,14.580398797988892
809,-17.0,-12.11,-3.0,2856.01,10080.796,14.024773597717285
810,-17.0,-12.11,-3.0,2859.62,10156.457,14.797633409500122
811,-17.0,-12.13,-3.0,2854.13,10112.241,12.464271068572998
812,-17.0,-12.25,-3.0,2841.76,10166.155,14.016659021377563
813,-17.0,-12.21,-3.0,2847.75,10287.29,13.943553686141968
814,-17.0,-12.21,-3.0,2847.75,10215.488,13.757184982299805
815,-17.0,-12.24,-3.0,2848.18,10194.832,13.471476554870605
816,-17.0,-12.24,-3.0,2848.18,10358.42,14.992828130722046
817,-17.0,-12.24,-3.0,2848.18,10311.855,13.937713623046875
818,-17.0,-12.19,-3.0,2848.55,10133.518,12.598668336868286
819,-17.0,-12.19,-3.0,2848.55,10129.699,13.991030216217041
820,-17.0,-12.19,-3.0,2848.55,10057.26,14.147204637527466
821,-17.0,-12.22,-3.0,2860.14,10161.637,13.460269451141357
822,-17.0,-12.22,-3.0,2860.14,10092.248,13.630011320114136
823,-17.0,-12.21,-3.0,2865.62,10138.248,14.218417644500732
824,-17.0,-12.26,-3.0,2868.62,10178.882,14.177186727523804
825,-17.0,-12.26,-3.0,2868.62,10192.221,13.372061491012573
826,-17.0,-12.3,-3.0,2866.46,9965.307,12.719095706939697
827,-17.0,-12.31,-3.0,2861.38,9926.313,13.463408946990967
828,-17.0,-12.31,-3.0,2861.38,10032.012,13.622381687164307
829,-17.0,-12.39,-4.0,2855.6,10007.756,13.825103282928467
830,-17.0,-12.41,-4.0,2859.29,9898.143,12.902008295059204
831,-17.0,-12.41,-4.0,2859.29,9960.217,14.079360008239746
832,-17.0,-12.46,-4.0,2856.24,9953.065,13.458451747894287
833,-17.0,-12.46,-4.0,2856.24,9905.033,13.758796453475952
834,-17.0,-12.46,-4.0,2856.24,9774.426,12.813111305236816
835,-17.0,-12.5,-4.0,2852.81,9774.771,13.580010890960693
836,-17.0,-12.49,-4.0,2851.13,9761.409,12.60907769203186
837,-17.0,-12.52,-4.0,2845.03,9769.063,13.677746534347534
838,-17.0,-12.41,-4.0,2859.18,9753.99,13.853457927703857
839,-17.0,-12.45,-4.0,2852.66,9826.926,14.68591833114624
840,-17.0,-12.45,-4.0,2852.66,9961.908,14.247973442077637
841,-17.0,-12.45,-4.0,2859.33,9969.894,14.160757303237915
842,-17.0,-12.45,-4.0,2862.22,10026.504,13.797980070114136
843,-18.0,-12.56,-4.0,2847.91,10077.365,14.352384328842163
844,-18.0,-12.59,-4.0,2848.75,10114.23,13.380890130996704
845,-18.0,-12.62,-4.0,2847.17,10181.41,14.042357683181763
846,-18.0,-12.66,-4.0,2843.72,10274.754,13.548235416412354
847,-18.0,-12.65,-4.0,2843.38,10395.711,14.763020992279053
848,-18.0,-12.59,-4.0,2855.44,10499.467,14.672494649887085
849,-18.0,-12.59,-4.0,2853.83,10423.179,13.952364206314087
850,-18.0,-12.56,-4.0,2865.65,10403.832,14.02708888053894
851,-18.0,-12.51,-4.0,2873.75,10293.806,13.082204818725586
852,-18.0,-12.43,-4.0,2884.73,10241.893,13.236495971679688
853,-18.0,-12.47,-4.0,2881.6,10186.536,13.664975643157959
854,-18.0,-12.47,-4.0,2881.6,10178.419,13.270390748977661
855,-18.0,-12.43,-4.0,2884.6,10113.613,13.455585956573486
856,-18.0,-12.51,-4.0,2875.14,10117.515,13.56032657623291
857,-18.0,-12.5,-4.0,2872.2,10035.483,14.071358919143677
858,-18.0,-12.51,-4.0,2881.08,9873.331,13.150752305984497
859,-18.0,-12.51,-4.0,2881.08,10006.217,15.030874252319336
860,-18.0,-12.39,-4.0,2901.27,9920.465,13.247163772583008
861,-18.0,-12.42,-4.0,2900.38,9971.75,13.710458040237427
862,-18.0,-12.41,-4.0,2907.78,9957.345,13.116133689880371
863,-18.0,-12.47,-4.0,2902.79,10029.945,14.404265642166138
864,-18.0,-12.47,-4.0,2902.79,10159.39,14.687851190567017
865,-18.0,-12.54,-4.0,2889.46,10208.375,14.274022579193115
866,-19.0,-12.63,-4.0,2873.36,10238.689,14.008034229278564
867,-19.0,-12.64,-4.0,2874.43,10198.47,13.872761011123657
868,-19.0,-12.66,-4.0,2864.89,10215.888,13.078275680541992
869,-19.0,-12.66,-4.0,2864.89,10020.696,13.068320035934448
870,-19.0,-12.61,-4.0,2870.84,10097.77,14.058924198150635
871,-19.0,-12.58,-4.0,2868.05,9977.35,12.558685541152954
872,-19.0,-12.55,-4.0,2870.39,9987.534,13.234293222427368
873,-19.0,-12.51,-4.0,2880.61,9841.144,13.103938579559326
874,-19.0,-12.47,-4.0,2890.82,9751.622,13.543495655059814
875,-19.0,-12.49,-4.0,2889.7,9687.49,13.219886064529419
876,-19.0,-12.52,-4.0,2886.88,9700.58,14.028930902481079
877,-19.0,-12.56,-4.0,2888.61,9748.639,14.009607315063477
878,-19.0,-12.56,-4.0,2888.61,9725.664,12.894361734390259
879,-19.0,-12.53,-4.0,2892.54,9797.604,13.816431283950806
880,-19.0,-12.56,-4.0,2888.94,9739.785,13.512129783630371
881,-19.0,-12.56,-4.0,2888.94,9833.793,13.42251467704773
882,-19.0,-12.53,-4.0,2900.27,9952.313,14.41564416885376
883,-19.0,-12.49,-4.0,2901.23,9915.133,12.609728336334229
884,-19.0,-12.49,-4.0,2900.8,10020.357,14.735052347183228
885,-19.0,-12.5,-4.0,2897.21,10000.292,13.110225915908813
886,-19.0,-12.5,-4.0,2903.05,9939.76,13.46756362915039
887,-19.0,-12.54,-4.0,2896.66,9907.727,13.735111951828003
888,-19.0,-12.59,-4.0,2886.88,9937.436,13.140466451644897
889,-19.0,-12.61,-7.0,2883.93,9872.56,13.267778158187866
890,-19.0,-12.52,-7.0,2902.21,9875.437,13.381929874420166
891,-19.0,-12.52,-7.0,2904.14,9950.406,14.087965488433838
892,-19.0,-12.46,-7.0,2899.0,9807.974,13.077858209609985
893,-19.0,-12.41,-7.0,2906.46,9953.229,14.25288200378418
894,-19.0,-12.43,-7.0,2902.65,9879.524,13.956753969192505
895,-19.0,-12.43,-7.0,2894.92,9948.961,13.82980227470398
896,-19.0,-12.41,-7.0,2890.44,9929.564,13.285725831985474
897,-19.0,-12.41,-7.0,2890.44,9904.271,13.30498194694519
898,-19.0,-12.37,-7.0,2900.78,9961.387,13.726982831954956
899,-19.0,-12.44,-7.0,2889.69,10090.263,14.46351432800293
900,-19.0,-12.42,-7.0,2891.02,10103.499,13.75972318649292
901,-19.0,-12.44,-7.0,2885.03,10075.549,13.786624431610107
902,-19.0,-12.43,-7.0,2885.95,10156.299,13.850841999053955
903,-19.0,-12.47,-7.0,2876.74,9976.675,12.242434740066528
904,-19.0,-12.46,-7.0,2880.39,9979.052,13.859660863876343
905,-19.0,-12.45,-7.0,2883.27,9918.087,13.19990611076355
906,-19.0,-12.41,-7.0,2883.92,9915.952,13.227153301239014
907,-19.0,-12.41,-7.0,2888.91,9905.26,13.229565620422363
908,-19.0,-12.44,-7.0,2888.08,9844.914,13.470137119293213
909,-19.0,-12.51,-7.0,2883.29,9917.925,15.186772346496582
910,-19.0,-12.51,-7.0,2880.21,9847.834,12.935274839401245
911,-19.0,-12.5,-7.0,2885.35,9854.262,13.872684717178345
912,-19.0,-12.44,-7.0,2894.0,9875.607,14.18015193939209
913,-19.0,-12.45,-7.0,2890.27,10030.5,13.945004940032959
914,-19.0,-12.44,-7.0,2891.3,9973.389,13.356074810028076
915,-19.0,-12.39,-7.0,2898.2,10035.314,13.778194189071655
916,-19.0,-12.42,-7.0,2894.03,10000.961,12.858528137207031
917,-19.0,-12.42,-7.0,2894.03,10002.687,13.287693500518799
918,-19.0,-12.48,-7.0,2873.81,10006.68,13.202850580215454
919,-19.0,-12.48,-7.0,2873.81,9745.575,12.617314100265503
920,-19.0,-12.48,-7.0,2873.81,9786.888,13.391534805297852
921,-19.0,-12.52,-7.0,2861.13,9756.101,13.51314640045166
922,-19.0,-12.52,-7.0,2861.13,9773.6,14.190809726715088
923,-19.0,-12.55,-7.0,2855.69,9777.008,13.907329082489014
924,-19.0,-12.52,-7.0,2854.61,9840.562,13.883841753005981
925,-19.0,-12.52,-7.0,2854.61,9808.801,13.860044717788696
926,-19.0,-12.6,-7.0,2844.41,9888.878,13.632865905761719
927,-19.0,-12.57,-7.0,2850.42,9874.532,13.219653606414795
928,-19.0,-12.57,-7.0,2850.42,9905.542,13.445019245147705
929,-19.0,-12.46,-5.0,2866.01,10099.885,14.53825855255127
930,-19.0,-12.43,-5.0,2870.25,10130.022,13.495148658752441
931,-19.0,-12.43,-5.0,2870.25,10113.415,13.335376262664795
932,-19.0,-12.48,-5.0,2869.23,10073.282,13.883909463882446
933,-19.0,-12.47,-5.0,2866.98,9962.396,12.820598125457764
934,-19.0,-12.46,-5.0,2869.37,9933.165,13.766348838806152
935,-19.0,-12.53,-5.0,2859.52,10031.076,14.431676387786865
936,-19.0,-12.53,-5.0,2859.52,9987.555,13.237318277359009
937,-19.0,-12.54,-5.0,2858.92,10031.114,13.62453293800354
938,-19.0,-12.39,-5.0,2879.95,10017.227,13.470650434494019
939,-19.0,-12.39,-5.0,2879.95,9830.827,12.764250040054321
940,-19.0,-12.5,-5.0,2867.72,9521.287,10.604342460632324
941,-19.0,-12.47,-5.0,2873.8,9423.664,12.670634984970093
942,-19.0,-12.49,-5.0,2875.79,9438.078,13.899301052093506
943,-19.0,-12.57,-5.0,2862.37,9581.401,14.241438627243042
944,-19.0,-12.63,-5.0,2850.09,9519.412,13.237584829330444
945,-19.0,-12.67,-5.0,2842.48,9422.65,13.493562698364258
946,-19.0,-12.65,-5.0,2836.48,9408.242,13.024390935897827
947,-19.0,-12.8,-5.0,2807.09,9302.446,12.60155463218689
948,-19.0,-12.8,-5.0,2807.09,9264.6,12.937295913696289
949,-19.0,-12.82,-5.0,2803.88,9253.326,12.521687507629395
950,-19.0,-12.9,-5.0,2791.84,9516.238,13.225600242614746
951,-19.0,-12.9,-5.0,2791.84,9689.098,14.340789318084717
952,-19.0,-12.96,-5.0,2781.55,9676.659,13.81498670578003
953,-19.0,-12.98,-5.0,2777.43,9606.461,13.598146677017212
954,-19.0,-12.98,-5.0,2777.43,9663.284,13.64257001876831
955,-19.0,-13.0,-5.0,2777.5,9777.479,14.882946968078613
956,-19.0,-12.93,-5.0,2788.43,9790.847,13.17620325088501
957,-19.0,-12.86,-5.0,2793.54,9861.465,13.616760015487671
958,-19.0,-12.85,-5.0,2797.38,9916.324,13.493923902511597
959,-19.0,-12.86,-5.0,2791.07,9961.54,12.986732244491577
960,-19.0,-12.9,-5.0,2796.5,9935.057,12.821882963180542
961,-19.0,-12.92,-5.0,2800.32,9921.626,14.004788637161255
962,-19.0,-12.9,-5.0,2807.37,9884.378,13.415781259536743
963,-19.0,-12.98,-5.0,2793.83,9864.392,13.245951652526855
964,-19.0,-12.95,-5.0,2795.65,9800.857,13.230026960372925
965,-19.0,-12.95,-5.0,2795.65,9760.466,14.181679010391235
966,-19.0,-12.88,-5.0,2805.03,9777.507,13.359872817993164
967,-19.0,-12.94,-5.0,2797.99,9806.826,13.684037685394287
968,-19.0,-12.99,-5.0,2790.88,9819.295,13.736921787261963
969,-19.0,-12.93,-5.0,2802.9,9855.064,13.356098175048828
970,-19.0,-12.92,-5.0,2806.56,9913.925,13.655828714370728
971,-19.0,-12.92,-5.0,2806.56,9839.588,13.397842645645142
972,-19.0,-12.92,-5.0,2800.4,9764.8,12.787600755691528
973,-19.0,-12.97,-5.0,2795.38,9880.934,14.39046049118042
974,-19.0,-13.0,-5.0,2792.51,9913.318,13.209058284759521
975,-19.0,-13.07,-5.0,2778.54,9847.988,13.804493427276611
976,-19.0,-13.03,-5.0,2783.63,9855.87,13.53893494606018
977,-19.0,-12.98,-5.0,2787.35,9852.941,13.468927145004272
978,-19.0,-12.95,-5.0,2791.6,9812.433,13.24107575416565
979,-19.0,-12.94,-5.0,2793.79,9724.046,12.640599489212036
980,-19.0,-12.96,-5.0,2791.48,9730.174,13.541051387786865
981,-19.0,-12.98,-5.0,2788.55,9774.061,13.70949935913086
982,-19.0,-12.98,-5.0,2789.9,9814.104,13.14750075340271
983,-19.0,-12.99,-5.0,2791.56,9659.739,12.937911748886108
984,-19.0,-12.97,-5.0,2790.45,9560.599,12.216039896011353
985,-19.0,-12.97,-5.0,2788.77,9496.971,12.927799224853516
986,-19.0,-13.03,-5.0,2775.73,9570.386,14.179312705993652
987,-19.0,-13.0,-5.0,2778.48,9530.017,13.068788290023804
988,-19.0,-12.93,-5.0,2792.58,9555.336,13.69258975982666
989,-19.0,-12.94,-5.0,2789.31,9584.995,12.752322673797607
990,-19.0,-12.88,-5.0,2806.13,9506.349,12.724184036254883
991,-19.0,-12.84,-5.0,2814.22,9506.857,13.76574420928955
992,-19.0,-12.8,-5.0,2828.89,9573.326,13.733151912689209
993,-19.0,-12.78,-5.0,2840.18,9610.246,13.278839588165283
994,-19.0,-12.77,-5.0,2839.63,9677.967,13.35961365699768
995,-19.0,-12.76,-5.0,2844.35,9797.442,14.415352821350098
996,-19.0,-12.7,-5.0,2856.99,9751.626,13.728610515594482
997,-19.0,-12.73,-5.0,2852.58,9794.978,13.836298704147339
998,-19.0,-12.66,-5.0,2857.77,9816.02,13.636772155761719
999,-19.0,-12.58,-5.0,2870.47,10012.781,14.792508840560913
1000,-19.0,-12.58,-5.0,2870.47,10101.348,13.564310312271118
1001,-19.0,-12.66,-6.0,2859.07,10104.676,13.870616912841797
1002,-19.0,-12.68,-6.0,2853.71,10006.291,12.993285655975342
1003,-19.0,-12.68,-6.0,2853.71,10016.106,13.720242738723755
1004,-19.0,-12.67,-6.0,2861.13,10105.796,13.822717189788818
1005,-19.0,-12.63,-6.0,2874.1,10065.968,13.736645460128784
1006,-19.0,-12.64,-6.0,2875.52,10072.95,13.900575876235962
1007,-19.0,-12.55,-6.0,2886.89,10122.65,14.056279182434082
1008,-19.0,-12.56,-6.0,2884.41,10107.217,13.506529092788696
1009,-19.0,-12.51,-6.0,2892.43,9983.197,13.53188180923462
1010,-19.0,-12.52,-6.0,2885.01,9979.379,13.541133165359497
1011,-19.0,-12.55,-6.0,2884.09,9943.327,13.538554430007935
1012,-19.0,-12.36,-6.0,2909.74,10088.327,14.356963634490967
1013,-19.0,-12.41,-6.0,2908.77,10105.497,13.66659426689148
1014,-19.0,-12.41,-6.0,2908.77,10153.226,14.330816984176636
1015,-19.0,-12.41,-6.0,2909.65,10111.351,13.402068376541138
1016,-19.0,-12.4,-6.0,2909.3,9968.807,12.405704975128174
1017,-19.0,-12.4,-6.0,2909.3,9956.113,13.910045385360718
1018,-19.0,-12.34,-6.0,2921.05,9986.429,13.931084394454956
1019,-19.0,-12.35,-6.0,2924.91,10016.454,13.956026077270508
1020,-19.0,-12.36,-6.0,2930.49,9968.496,13.016381978988647
1021,-19.0,-12.31,-6.0,2940.0,9926.076,12.922528982162476
1022,-18.0,-12.21,-6.0,2956.87,9831.634,13.476272583007812
1023,-18.0,-12.23,-6.0,2954.97,9884.184,14.121689796447754
1024,-18.0,-12.2,-6.0,2955.18,9740.457,12.832221031188965
1025,-18.0,-12.14,-6.0,2966.59,9746.278,13.509690523147583
1026,-18.0,-12.13,-6.0,2973.68,9869.728,13.602691650390625
1027,-18.0,-12.12,-6.0,2974.46,9808.523,13.319550514221191
1028,-18.0,-12.07,-6.0,2977.56,9756.81,13.351744890213013
1029,-18.0,-12.05,-6.0,2980.79,9757.907,14.007627725601196
1030,-18.0,-12.06,-6.0,2978.46,9770.664,13.321075677871704
1031,-18.0,-12.08,-6.0,2978.76,9905.787,14.326478958129883
1032,-18.0,-12.09,-6.0,2980.76,10010.728,14.412671566009521
1033,-18.0,-12.03,-6.0,2990.11,9978.1,13.71623182296753
1034,-18.0,-12.09,-6.0,2973.05,10149.919,14.652459144592285
1035,-18.0,-12.05,-6.0,2980.78,10122.748,13.10362982749939
1036,-18.0,-12.0,-6.0,2982.98,10145.741,13.874387264251709
1037,-18.0,-11.98,-6.0,2984.73,10106.885,12.833546876907349
1038,-18.0,-11.96,-6.0,2991.57,10155.711,13.798551082611084
1039,-18.0,-11.97,-6.0,2993.78,10205.709,14.38725757598877
1040,-18.0,-12.03,-6.0,2989.65,10207.425,13.284389972686768
1041,-18.0,-12.03,-6.0,2989.65,10139.578,13.69350552558899
1042,-18.0,-12.0,-6.0,2999.99,10061.947,13.586383581161499
1043,-18.0,-11.98,-6.0,2999.19,10081.832,13.925495624542236
1044,-18.0,-11.98,-6.0,2999.19,9984.757,13.60495114326477
1045,-18.0,-12.07,-6.0,2991.06,10111.747,14.362582921981812
1046,-18.0,-11.96,-6.0,3003.2,10092.312,13.858567714691162
1047,-18.0,-11.88,-6.0,3011.5,10091.857,12.871864318847656
1048,-18.0,-11.79,-6.0,3020.71,10086.775,13.735349893569946
1049,-18.0,-11.74,-6.0,3026.06,9985.876,13.418399333953857
1050,-18.0,-11.69,-6.0,3036.54,10028.368,13.744155406951904
1051,-18.0,-11.73,-6.0,3036.31,10106.369,14.433894395828247
1052,-18.0,-11.73,-6.0,3036.31,10203.363,14.577453136444092
1053,-18.0,-11.8,-6.0,3029.08,10184.246,13.885714530944824
1054,-18.0,-11.83,-6.0,3023.39,10254.824,14.314293146133423
1055,-18.0,-11.84,-6.0,3019.95,10175.598,13.536608457565308
1056,-18.0,-11.85,-6.0,3019.56,10081.109,12.901641130447388
1057,-18.0,-11.87,-6.0,3014.03,10012.796,12.360592126846313
1058,-18.0,-11.84,-6.0,3023.29,10023.469,13.84118366241455
1059,-18.0,-11.74,-6.0,3037.52,10150.838,14.754517793655396
1060,-18.0,-11.72,-6.0,3048.76,10224.708,14.513773679733276
1061,-18.0,-11.68,-6.0,3054.7,10094.786,13.423717021942139
1062,-18.0,-11.71,-6.0,3053.43,9927.957,12.939684867858887
1063,-18.0,-11.76,-6.0,3041.17,9940.279,13.906413793563843
1064,-18.0,-11.76,-6.0,3039.75,9797.87,13.122976064682007
1065,-18.0,-11.79,-6.0,3029.23,9838.53,13.968707084655762
1066,-18.0,-11.78,-6.0,3033.63,9895.91,13.245132684707642
1067,-18.0,-11.78,-6.0,3025.67,10002.525,13.4558424949646
1068,-18.0,-11.82,-6.0,3009.74,9955.197,13.5532808303833
1069,-18.0,-11.82,-6.0,3009.74,9963.763,15.008767366409302
1070,-18.0,-11.81,-6.0,3015.21,9904.351,13.761364221572876
1071,-18.0,-11.81,-6.0,3025.22,9932.443,13.396711111068726
1072,-18.0,-11.81,-6.0,3025.22,10031.366,13.816299200057983
1073,-18.0,-11.85,-6.0,3024.26,10041.652,14.108262777328491
1074,-18.0,-11.9,-6.0,3016.91,10116.163,13.655508995056152
1075,-18.0,-11.9,-6.0,3016.91,10087.441,13.65491533279419
1076,-18.0,-11.91,-6.0,3017.96,10166.107,14.023754596710205
1077,-18.0,-11.92,-6.0,3010.94,10201.298,13.58616328239441
1078,-18.0,-11.91,-6.0,3008.05,10143.2,12.78933596611023
1079,-18.0,-11.88,-6.0,3005.52,10044.921,14.035865306854248
1080,-18.0,-11.88,-6.0,3005.52,10016.946,13.4944167137146
1081,-18.0,-11.84,-6.0,3010.41,10067.991,13.920299530029297
1082,-18.0,-11.84,-6.0,3010.41,10063.735,13.932055234909058
1083,-18.0,-11.84,-6.0,3014.57,10082.565,14.133877754211426
1084,-18.0,-11.82,-6.0,3020.1,9898.77,11.890514135360718
1085,-18.0,-11.85,-6.0,3019.63,9919.805,13.95940113067627
1086,-18.0,-11.83,-6.0,3022.66,9904.318,13.88746976852417
1087,-18.0,-11.89,-6.0,3013.35,9862.163,13.165348291397095
1088,-18.0,-11.85,-6.0,3027.31,9865.611,12.927786827087402
1089,-18.0,-11.82,-6.0,3032.17,9777.823,12.788298845291138
1090,-18.0,-11.77,-6.0,3039.15,9699.343,12.87955379486084
1091,-18.0,-11.77,-6.0,3039.15,9663.227,13.560546875
1092,-18.0,-11.76,-6.0,3041.11,9598.418,13.17164421081543
1093,-18.0,-11.76,-6.0,3041.11,9521.271,13.379381656646729
1094,-18.0,-11.83,-6.0,3033.57,9617.208,12.700114965438843
1095,-18.0,-11.77,-6.0,3035.71,9506.285,12.95949649810791
1096,-18.0,-11.76,-6.0,3036.47,9543.465,14.275472640991211
1097,-18.0,-11.78,-6.0,3033.08,9524.61,13.346352100372314
1098,-18.0,-11.74,-6.0,3042.96,9522.028,12.823326110839844
1099,-18.0,-11.79,-6.0,3034.1,9703.261,14.580963611602783
1100,-18.0,-11.87,-6.0,3022.46,9788.247,13.791512250900269
1101,-18.0,-11.88,-6.0,3017.5,9736.654,13.093900442123413
1102,-18.0,-11.89,-6.0,3016.36,9700.794,12.805236339569092
1103,-18.0,-11.83,-5.0,3026.08,9863.763,14.985004663467407
1104,-18.0,-11.88,-5.0,3018.67,9901.038,13.587669610977173
1105,-18.0,-11.91,-5.0,3013.19,10008.684,13.847535848617554
1106,-18.0,-11.91,-5.0,3013.19,9931.672,13.547505378723145
1107,-18.0,-11.84,-5.0,3023.2,9913.431,12.86330771446228
1108,-18.0,-11.87,-5.0,3014.18,9965.541,13.54229211807251
1109,-18.0,-11.87,-5.0,3014.18,9877.939,13.835020303726196
1110,-18.0,-11.85,-5.0,3019.44,9984.574,14.61949896812439
1111,-18.0,-11.79,-5.0,3029.11,10094.715,14.097403287887573
1112,-18.0,-11.79,-5.0,3029.11,10111.512,13.055854320526123
1113,-18.0,-11.8,-5.0,3031.54,9973.0,13.672797203063965
1114,-18.0,-11.76,-5.0,3037.74,10012.732,13.748554229736328
1115,-18.0,-11.76,-5.0,3037.74,9936.407,13.063339233398438
1116,-18.0,-11.75,-5.0,3035.71,9906.745,13.337322473526001
1117,-18.0,-11.76,-5.0,3036.67,10074.101,14.430015563964844
1118,-18.0,-11.74,-5.0,3038.4,10175.048,14.376894474029541
1119,-18.0,-11.74,-5.0,3041.75,10135.138,13.497586250305176
1120,-17.0,-11.67,-5.0,3049.22,10064.041,13.879253387451172
1121,-17.0,-11.7,-5.0,3043.44,9932.011,12.868659257888794
1122,-17.0,-11.7,-5.0,3043.44,10083.081,14.54172158241272
1123,-17.0,-11.73,-5.0,3046.64,10096.787,13.73687195777893
1124,-18.0,-11.79,-5.0,3038.57,10096.221,13.53075885772705
1125,-18.0,-11.79,-5.0,3038.57,10202.504,14.145201444625854
1126,-18.0,-11.82,-5.0,3030.97,10299.609,14.599318981170654
1127,-18.0,-11.81,-5.0,3035.14,10280.022,14.269683837890625
1128,-18.0,-11.81,-5.0,3035.14,10333.261,14.831463098526001
1129,-18.0,-11.8,-5.0,3034.02,10336.736,13.499019622802734
1130,-18.0,-11.69,-5.0,3057.27,10248.538,13.000888586044312
1131,-18.0,-11.69,-5.0,3057.27,10241.479,13.033159732818604
1132,-18.0,-11.65,-5.0,3058.24,10183.342,13.973093509674072
1133,-18.0,-11.64,-5.0,3057.46,10149.889,13.405463457107544
1134,-18.0,-11.64,-5.0,3057.46,10172.76,13.904610633850098
1135,-18.0,-11.73,-5.0,3043.03,10105.517,13.510467290878296
1136,-18.0,-11.69,-5.0,3041.27,10064.611,13.776328802108765
1137,-18.0,-11.69,-5.0,3041.27,9986.02,13.834025382995605
1138,-18.0,-11.67,-5.0,3043.29,9747.042,12.632000207901001
1139,-18.0,-11.65,-5.0,3054.6,9715.509,13.356214761734009
1140,-18.0,-11.6,-5.0,3063.82,9705.661,13.161521911621094
1141,-18.0,-11.65,-5.0,3058.45,9826.408,13.996816873550415
1142,-18.0,-11.62,-5.0,3063.03,9819.767,13.81594181060791
1143,-18.0,-11.62,-5.0,3063.03,9791.494,13.190420389175415
1144,-18.0,-11.64,-5.0,3064.08,9854.312,14.382968187332153
1145,-18.0,-11.63,-5.0,3068.44,9908.821,14.04369306564331
1146,-18.0,-11.64,-5.0,3068.86,9957.727,14.491698026657104
1147,-18.0,-11.64,-5.0,3061.25,10017.026,14.323323965072632
1148,-18.0,-11.66,-5.0,3060.59,10136.604,13.871886968612671
1149,-18.0,-11.7,-5.0,3053.92,10241.294,14.054691076278687
1150,-18.0,-11.7,-5.0,3053.92,10353.128,14.234732627868652
1151,-18.0,-11.64,-5.0,3066.52,10466.61,15.050771713256836
1152,-18.0,-11.64,-5.0,3066.52,10401.342,13.310851812362671
1153,-18.0,-11.64,-5.0,3066.52,10472.914,14.069186925888062
1154,-18.0,-11.74,-5.0,3068.47,10419.519,13.798040628433228
1155,-18.0,-11.78,-5.0,3062.25,10392.294,13.756388902664185
1156,-18.0,-11.75,-5.0,3064.86,10371.585,14.118682146072388
1157,-18.0,-11.84,-5.0,3050.19,10334.768,13.792542457580566
1158,-19.0,-11.91,-5.0,3039.17,10221.159,12.54563307762146
1159,-19.0,-12.0,-5.0,3022.61,10206.614,13.921064376831055
1160,-19.0,-11.89,-5.0,3047.45,10224.096,14.279242277145386
1161,-19.0,-11.89,-5.0,3047.45,10112.748,14.130885601043701
1162,-19.0,-11.92,-5.0,3041.65,10209.239,14.134255647659302
1163,-19.0,-11.95,-5.0,3035.06,10182.682,13.649286270141602
1164,-19.0,-12.01,-5.0,3024.1,10191.516,13.928651094436646
1165,-19.0,-11.97,-5.0,3029.27,10093.894,12.783036231994629
1166,-19.0,-11.97,-5.0,3026.2,10143.747,14.89052438735962
1167,-19.0,-11.96,-5.0,3029.72,10109.157,13.336295127868652
1168,-19.0,-11.96,-5.0,3029.72,10156.641,13.001698970794678
1169,-19.0,-11.92,-5.0,3033.61,10168.655,14.157651901245117
1170,-19.0,-11.93,-5.0,3032.98,10131.33,14.020978450775146
1171,-19.0,-11.87,-5.0,3043.44,10047.302,13.121184825897217
1172,-19.0,-11.93,-5.0,3031.6,10033.981,14.326236963272095
1173,-19.0,-11.89,-5.0,3044.4,10056.456,13.784212350845337
1174,-19.0,-11.87,-5.0,3046.2,10029.139,13.719963550567627
1175,-19.0,-11.76,-5.0,3061.88,10002.076,12.632071733474731
1176,-19.0,-11.73,-5.0,3064.34,9953.701,14.101122856140137
1177,-19.0,-11.74,-5.0,3066.83,9987.286,13.664822101593018
1178,-19.0,-11.84,-6.0,3056.48,9961.157,12.761276721954346
1179,-19.0,-11.84,-6.0,3056.48,9972.626,14.245357275009155
1180,-19.0,-11.84,-6.0,3056.48,9970.334,13.821681499481201
1181,-19.0,-11.85,-6.0,3060.17,10129.639,14.804157495498657
1182,-19.0,-11.85,-6.0,3060.17,10110.811,13.824132919311523
1183,-19.0,-11.93,-6.0,3061.21,10082.161,13.646406888961792
1184,-19.0,-11.93,-6.0,3061.21,10073.939,13.770894765853882
1185,-19.0,-12.0,-6.0,3043.39,10170.827,13.493615627288818
1186,-19.0,-12.0,-6.0,3043.39,10045.151,12.896194696426392
1187,-19.0,-12.05,-6.0,3035.55,10029.909,13.592566728591919
1188,-19.0,-12.0,-5.0,3038.56,10079.115,13.359933614730835
1189,-19.0,-11.97,-5.0,3042.75,10035.624,13.923881530761719
1190,-19.0,-11.97,-5.0,3042.75,9943.569,13.028724431991577
1191,-19.0,-12.05,-5.0,3033.08,9878.722,14.085017919540405
1192,-19.0,-12.05,-5.0,3028.09,9822.091,13.580289840698242
1193,-19.0,-12.05,-5.0,3028.09,9835.768,13.748143672943115
1194,-19.0,-12.07,-5.0,3027.74,9825.258,13.534116268157959
1195,-19.0,-12.05,-5.0,3030.73,9900.536,14.222593307495117
1196,-19.0,-12.06,-5.0,3033.9,9945.226,13.237244129180908
1197,-19.0,-12.08,-5.0,3034.12,10010.082,14.270391941070557
1198,-19.0,-12.05,-5.0,3039.58,10057.119,13.710790872573853
1199,-19.0,-11.95,-2.0,3053.58,9925.084,12.416685581207275
1200,-19.0,-11.91,-2.0,3059.4,9984.474,13.696442365646362
